{"cameraMode":{"drawMode":0,"name":"Shaded","section":"Shading Mode"},"sceneLighting":true,"audioPlay":false,"sceneViewState":{"m_AlwaysRefresh":false,"showFog":true,"showSkybox":true,"showFlares":true,"showImageEffects":true,"showParticleSystems":true,"showVisualEffectGraphs":true,"m_FxEnabled":true},"in2DMode":false,"pivot":{"x":278.2192077636719,"y":592.7793579101563,"z":2779.757568359375},"rotation":{"x":0.09871967881917954,"y":-0.048649322241544726,"z":-0.004841522313654423,"w":-0.9939281344413757},"size":1455.9388427734375,"orthographic":false}