{"cameraMode":{"drawMode":0,"name":"Shaded","section":"Shading Mode"},"sceneLighting":true,"audioPlay":false,"sceneViewState":{"m_AlwaysRefresh":false,"showFog":true,"showSkybox":true,"showFlares":true,"showImageEffects":true,"showParticleSystems":true,"showVisualEffectGraphs":true,"m_FxEnabled":true},"in2DMode":false,"pivot":{"x":-0.47792601585388186,"y":-675.1947021484375,"z":54.505279541015628},"rotation":{"x":-0.6703058481216431,"y":0.021578434854745866,"z":-0.01950681023299694,"w":-0.7415188550949097},"size":389.0195007324219,"orthographic":false}