{"cameraMode":{"drawMode":0,"name":"Shaded","section":"Shading Mode"},"sceneLighting":true,"audioPlay":false,"sceneViewState":{"m_AlwaysRefresh":false,"showFog":true,"showSkybox":true,"showFlares":true,"showImageEffects":true,"showParticleSystems":true,"showVisualEffectGraphs":true,"m_FxEnabled":true},"in2DMode":false,"pivot":{"x":772.7744750976563,"y":446.3063659667969,"z":262.45166015625},"rotation":{"x":-0.002998226322233677,"y":-0.034493040293455127,"z":-0.00010347711940994486,"w":0.9993996620178223},"size":478.660400390625,"orthographic":true}